<?xml version='1.0' encoding="UTF-8"?>
<!--
  ~ Hibernate, Relational Persistence for Idiomatic Java
  ~
  ~ Copyright (c) 2008, Red Hat Middleware LLC or third-party contributors as
  ~ indicated by the @author tags or express copyright attribution
  ~ statements applied by the authors.  All third-party contributions are
  ~ distributed under license by Red Hat Middleware LLC.
  ~
  ~ This copyrighted material is made available to anyone wishing to use, modify,
  ~ copy, or redistribute it subject to the terms and conditions of the GNU
  ~ Lesser General Public License, as published by the Free Software Foundation.
  ~
  ~ This program is distributed in the hope that it will be useful,
  ~ but WITHOUT ANY WARRANTY; without even the implied warranty of MERCHANTABILITY
  ~ or FITNESS FOR A PARTICULAR PURPOSE.  See the GNU Lesser General Public License
  ~ for more details.
  ~
  ~ You should have received a copy of the GNU Lesser General Public License
  ~ along with this distribution; if not, write to:
  ~ Free Software Foundation, Inc.
  ~ 51 Franklin Street, Fifth Floor
  ~ Boston, MA  02110-1301  USA
  -->
<!DOCTYPE book PUBLIC "-//OASIS//DTD DocBook XML V4.5//EN" "http://www.oasis-open.org/docbook/xml/4.5/docbookx.dtd" [
        <!ENTITY versionNumber "3.4.0.GA">
        <!ENTITY copyrightYear "2004">
        <!ENTITY copyrightHolder "Red Hat Middleware, LLC.">
]>
<book lang="en">
  <bookinfo>
    <title>Hibernate Annotations</title>

    <subtitle>Reference Guide</subtitle>

    <releaseinfo>&versionNumber;</releaseinfo>

    <mediaobject>
      <imageobject>
        <imagedata fileref="images/hibernate_logo_a.png" format="png" />
      </imageobject>
    </mediaobject>
  </bookinfo>

  <toc/>

  <preface id="preface" revision="1">
    <title>Preface</title>

    <para>Hibernate, like all other object/relational mapping tools, requires
    metadata that governs the transformation of data from one representation
    to the other. In Hibernate 2.x mapping metadata is most of the time
    declared in XML text files. Alternatively XDoclet can be used utilizing
    Javadoc source code annotations together with a compile time preprocessor.
    </para>

    <para>The same kind of annotation support is now available in the standard
    JDK, although more powerful and with better tools support. IntelliJ IDEA
    and Eclipse for example, support auto-completion and syntax highlighting
    of JDK 5.0 annotations which are compiled into the bytecode and read at
    runtime using reflection. No external XML files are needed.</para>

    <para>The EJB3 specification recognizes the interest and the success of
    the transparent object/relational mapping paradigm. It standardizes the
    basic APIs and the metadata needed for any object/relational persistence
    mechanism. <emphasis>Hibernate EntityManager</emphasis> implements the
    programming interfaces and lifecycle rules as defined by the EJB3
    persistence specification and together with <emphasis>Hibernate
    Annotations</emphasis> offers a complete (and standalone) EJB3 persistence
    solution on top of the mature Hibernate core. You may use a combination of
    all three together, annotations without EJB3 programming interfaces and
    lifecycle, or even pure native Hibernate, depending on the business and
    technical needs of your project. At all times you cann fall back to
    Hibernate native APIs, or if required, even to native JDBC and SQL.</para>

    <para>This release of <emphasis>Hibernate Annotations</emphasis> is based
    on the final release of the EJB 3.0 / JPA specification (aka <ulink
    url="http://jcp.org/en/jsr/detail?id=220">JSR-220</ulink>) and
    supports all its features (including the optional ones). Hibernate
    specific features and extensions are also available through
    unstandardized, Hibernate specific annotations. While the Hibernate
    feature coverage is high, some can not yet be expressed via annotations.
    The eventual goal is to cover all of them. See the JIRA road map section
    for more informations.</para>

    <para>If you are moving from previous Hibernate Annotations versions,
    please have a look at <ulink url="http://www.hibernate.org/398.html">Java
    Persistence migration guide</ulink>.</para>
  </preface>

  <xi:include href="modules/setup.xml" xmlns:xi="http://www.w3.org/2001/XInclude" />
  <xi:include href="modules/entity.xml" xmlns:xi="http://www.w3.org/2001/XInclude" />
  <xi:include href="modules/xml-overriding.xml" xmlns:xi="http://www.w3.org/2001/XInclude" />
  <xi:include href="modules/additionalmodules.xml" xmlns:xi="http://www.w3.org/2001/XInclude" />
    
</book>